,file_name,complexity,codebert_embeddings_path,bert_embeddings_path,train_or_test
0,1015.java,n_square,./embeddings-codebert/1015.java.pth,./embeddings-bert/1015.java.pth,train
1,541.java,n,./embeddings-codebert/541.java.pth,./embeddings-bert/541.java.pth,train
2,490.java,n_square,./embeddings-codebert/490.java.pth,./embeddings-bert/490.java.pth,train
3,812.java,nlogn,./embeddings-codebert/812.java.pth,./embeddings-bert/812.java.pth,train
4,295.java,n_square,./embeddings-codebert/295.java.pth,./embeddings-bert/295.java.pth,train
5,815.java,n_square,./embeddings-codebert/815.java.pth,./embeddings-bert/815.java.pth,train
6,1173.java,1,./embeddings-codebert/1173.java.pth,./embeddings-bert/1173.java.pth,train
7,410.java,n,./embeddings-codebert/410.java.pth,./embeddings-bert/410.java.pth,train
8,499.java,nlogn,./embeddings-codebert/499.java.pth,./embeddings-bert/499.java.pth,train
9,626.java,nlogn,./embeddings-codebert/626.java.pth,./embeddings-bert/626.java.pth,train
10,429.java,n,./embeddings-codebert/429.java.pth,./embeddings-bert/429.java.pth,train
11,3.java,n,./embeddings-codebert/3.java.pth,./embeddings-bert/3.java.pth,train
12,74.java,n_square,./embeddings-codebert/74.java.pth,./embeddings-bert/74.java.pth,train
13,776.java,n,./embeddings-codebert/776.java.pth,./embeddings-bert/776.java.pth,train
14,479.java,n,./embeddings-codebert/479.java.pth,./embeddings-bert/479.java.pth,train
15,1151.java,1,./embeddings-codebert/1151.java.pth,./embeddings-bert/1151.java.pth,train
16,969.java,n,./embeddings-codebert/969.java.pth,./embeddings-bert/969.java.pth,train
17,82.java,n_square,./embeddings-codebert/82.java.pth,./embeddings-bert/82.java.pth,train
18,354.java,n,./embeddings-codebert/354.java.pth,./embeddings-bert/354.java.pth,train
19,259.java,n,./embeddings-codebert/259.java.pth,./embeddings-bert/259.java.pth,train
20,831.java,n_square,./embeddings-codebert/831.java.pth,./embeddings-bert/831.java.pth,train
21,172.java,1,./embeddings-codebert/172.java.pth,./embeddings-bert/172.java.pth,train
22,447.java,n,./embeddings-codebert/447.java.pth,./embeddings-bert/447.java.pth,train
23,557.java,n,./embeddings-codebert/557.java.pth,./embeddings-bert/557.java.pth,train
24,970.java,n,./embeddings-codebert/970.java.pth,./embeddings-bert/970.java.pth,train
25,820.java,n,./embeddings-codebert/820.java.pth,./embeddings-bert/820.java.pth,train
26,1120.java,1,./embeddings-codebert/1120.java.pth,./embeddings-bert/1120.java.pth,train
27,524.java,n,./embeddings-codebert/524.java.pth,./embeddings-bert/524.java.pth,train
28,813.java,1,./embeddings-codebert/813.java.pth,./embeddings-bert/813.java.pth,train
29,884.java,nlogn,./embeddings-codebert/884.java.pth,./embeddings-bert/884.java.pth,train
30,20.java,n,./embeddings-codebert/20.java.pth,./embeddings-bert/20.java.pth,train
31,1137.java,1,./embeddings-codebert/1137.java.pth,./embeddings-bert/1137.java.pth,train
32,668.java,n,./embeddings-codebert/668.java.pth,./embeddings-bert/668.java.pth,train
33,907.java,nlogn,./embeddings-codebert/907.java.pth,./embeddings-bert/907.java.pth,train
34,1117.java,1,./embeddings-codebert/1117.java.pth,./embeddings-bert/1117.java.pth,train
35,628.java,n_square,./embeddings-codebert/628.java.pth,./embeddings-bert/628.java.pth,train
36,554.java,n,./embeddings-codebert/554.java.pth,./embeddings-bert/554.java.pth,train
37,1141.java,1,./embeddings-codebert/1141.java.pth,./embeddings-bert/1141.java.pth,train
38,732.java,n_square,./embeddings-codebert/732.java.pth,./embeddings-bert/732.java.pth,train
39,465.java,n_square,./embeddings-codebert/465.java.pth,./embeddings-bert/465.java.pth,train
40,694.java,n,./embeddings-codebert/694.java.pth,./embeddings-bert/694.java.pth,train
41,536.java,logn,./embeddings-codebert/536.java.pth,./embeddings-bert/536.java.pth,train
42,1023.java,n,./embeddings-codebert/1023.java.pth,./embeddings-bert/1023.java.pth,train
43,1165.java,logn,./embeddings-codebert/1165.java.pth,./embeddings-bert/1165.java.pth,train
44,402.java,n_square,./embeddings-codebert/402.java.pth,./embeddings-bert/402.java.pth,train
45,227.java,n_square,./embeddings-codebert/227.java.pth,./embeddings-bert/227.java.pth,train
46,605.java,nlogn,./embeddings-codebert/605.java.pth,./embeddings-bert/605.java.pth,train
47,97.java,n,./embeddings-codebert/97.java.pth,./embeddings-bert/97.java.pth,train
48,111.java,logn,./embeddings-codebert/111.java.pth,./embeddings-bert/111.java.pth,train
49,300.java,n,./embeddings-codebert/300.java.pth,./embeddings-bert/300.java.pth,train
50,734.java,n_square,./embeddings-codebert/734.java.pth,./embeddings-bert/734.java.pth,train
51,905.java,n_square,./embeddings-codebert/905.java.pth,./embeddings-bert/905.java.pth,train
52,1009.java,n,./embeddings-codebert/1009.java.pth,./embeddings-bert/1009.java.pth,train
53,953.java,nlogn,./embeddings-codebert/953.java.pth,./embeddings-bert/953.java.pth,train
54,926.java,n,./embeddings-codebert/926.java.pth,./embeddings-bert/926.java.pth,train
55,5.java,logn,./embeddings-codebert/5.java.pth,./embeddings-bert/5.java.pth,train
56,451.java,n,./embeddings-codebert/451.java.pth,./embeddings-bert/451.java.pth,train
57,1213.java,1,./embeddings-codebert/1213.java.pth,./embeddings-bert/1213.java.pth,train
58,1200.java,1,./embeddings-codebert/1200.java.pth,./embeddings-bert/1200.java.pth,train
59,974.java,n,./embeddings-codebert/974.java.pth,./embeddings-bert/974.java.pth,train
60,666.java,nlogn,./embeddings-codebert/666.java.pth,./embeddings-bert/666.java.pth,train
61,436.java,n,./embeddings-codebert/436.java.pth,./embeddings-bert/436.java.pth,train
62,303.java,n_square,./embeddings-codebert/303.java.pth,./embeddings-bert/303.java.pth,train
63,516.java,logn,./embeddings-codebert/516.java.pth,./embeddings-bert/516.java.pth,train
64,788.java,nlogn,./embeddings-codebert/788.java.pth,./embeddings-bert/788.java.pth,train
65,1135.java,1,./embeddings-codebert/1135.java.pth,./embeddings-bert/1135.java.pth,train
66,688.java,n_square,./embeddings-codebert/688.java.pth,./embeddings-bert/688.java.pth,train
67,522.java,n_square,./embeddings-codebert/522.java.pth,./embeddings-bert/522.java.pth,train
68,1134.java,1,./embeddings-codebert/1134.java.pth,./embeddings-bert/1134.java.pth,train
69,1509.java,logn,./embeddings-codebert/1509.java.pth,./embeddings-bert/1509.java.pth,train
70,368.java,n_square,./embeddings-codebert/368.java.pth,./embeddings-bert/368.java.pth,train
71,1016.java,n_square,./embeddings-codebert/1016.java.pth,./embeddings-bert/1016.java.pth,train
72,56.java,logn,./embeddings-codebert/56.java.pth,./embeddings-bert/56.java.pth,train
73,290.java,n_square,./embeddings-codebert/290.java.pth,./embeddings-bert/290.java.pth,train
74,1022.java,n,./embeddings-codebert/1022.java.pth,./embeddings-bert/1022.java.pth,train
75,1006.java,n,./embeddings-codebert/1006.java.pth,./embeddings-bert/1006.java.pth,train
76,99.java,n,./embeddings-codebert/99.java.pth,./embeddings-bert/99.java.pth,train
77,89.java,n,./embeddings-codebert/89.java.pth,./embeddings-bert/89.java.pth,train
78,881.java,n,./embeddings-codebert/881.java.pth,./embeddings-bert/881.java.pth,train
79,1153.java,1,./embeddings-codebert/1153.java.pth,./embeddings-bert/1153.java.pth,train
80,476.java,nlogn,./embeddings-codebert/476.java.pth,./embeddings-bert/476.java.pth,train
81,1500.java,logn,./embeddings-codebert/1500.java.pth,./embeddings-bert/1500.java.pth,train
82,650.java,n,./embeddings-codebert/650.java.pth,./embeddings-bert/650.java.pth,train
83,376.java,n_square,./embeddings-codebert/376.java.pth,./embeddings-bert/376.java.pth,train
84,525.java,nlogn,./embeddings-codebert/525.java.pth,./embeddings-bert/525.java.pth,train
85,41.java,nlogn,./embeddings-codebert/41.java.pth,./embeddings-bert/41.java.pth,train
86,975.java,nlogn,./embeddings-codebert/975.java.pth,./embeddings-bert/975.java.pth,train
87,452.java,n,./embeddings-codebert/452.java.pth,./embeddings-bert/452.java.pth,train
88,992.java,n_square,./embeddings-codebert/992.java.pth,./embeddings-bert/992.java.pth,train
89,612.java,nlogn,./embeddings-codebert/612.java.pth,./embeddings-bert/612.java.pth,train
90,590.java,n,./embeddings-codebert/590.java.pth,./embeddings-bert/590.java.pth,train
91,698.java,n,./embeddings-codebert/698.java.pth,./embeddings-bert/698.java.pth,train
92,252.java,n_square,./embeddings-codebert/252.java.pth,./embeddings-bert/252.java.pth,train
93,1210.java,1,./embeddings-codebert/1210.java.pth,./embeddings-bert/1210.java.pth,train
94,769.java,n_square,./embeddings-codebert/769.java.pth,./embeddings-bert/769.java.pth,train
95,686.java,n_square,./embeddings-codebert/686.java.pth,./embeddings-bert/686.java.pth,train
96,915.java,nlogn,./embeddings-codebert/915.java.pth,./embeddings-bert/915.java.pth,train
97,281.java,n,./embeddings-codebert/281.java.pth,./embeddings-bert/281.java.pth,train
98,454.java,n,./embeddings-codebert/454.java.pth,./embeddings-bert/454.java.pth,train
99,109.java,n,./embeddings-codebert/109.java.pth,./embeddings-bert/109.java.pth,train
100,1001.java,1,./embeddings-codebert/1001.java.pth,./embeddings-bert/1001.java.pth,train
101,1011.java,n,./embeddings-codebert/1011.java.pth,./embeddings-bert/1011.java.pth,train
102,1171.java,logn,./embeddings-codebert/1171.java.pth,./embeddings-bert/1171.java.pth,train
103,826.java,n_square,./embeddings-codebert/826.java.pth,./embeddings-bert/826.java.pth,train
104,88.java,nlogn,./embeddings-codebert/88.java.pth,./embeddings-bert/88.java.pth,train
105,1147.java,1,./embeddings-codebert/1147.java.pth,./embeddings-bert/1147.java.pth,train
106,781.java,1,./embeddings-codebert/781.java.pth,./embeddings-bert/781.java.pth,train
107,1124.java,1,./embeddings-codebert/1124.java.pth,./embeddings-bert/1124.java.pth,train
108,766.java,1,./embeddings-codebert/766.java.pth,./embeddings-bert/766.java.pth,train
109,1122.java,1,./embeddings-codebert/1122.java.pth,./embeddings-bert/1122.java.pth,train
110,329.java,n,./embeddings-codebert/329.java.pth,./embeddings-bert/329.java.pth,train
111,140.java,n_square,./embeddings-codebert/140.java.pth,./embeddings-bert/140.java.pth,train
112,90.java,n,./embeddings-codebert/90.java.pth,./embeddings-bert/90.java.pth,train
113,218.java,logn,./embeddings-codebert/218.java.pth,./embeddings-bert/218.java.pth,train
114,434.java,n,./embeddings-codebert/434.java.pth,./embeddings-bert/434.java.pth,train
115,393.java,n,./embeddings-codebert/393.java.pth,./embeddings-bert/393.java.pth,train
116,1207.java,1,./embeddings-codebert/1207.java.pth,./embeddings-bert/1207.java.pth,train
117,1514.java,logn,./embeddings-codebert/1514.java.pth,./embeddings-bert/1514.java.pth,train
118,1194.java,1,./embeddings-codebert/1194.java.pth,./embeddings-bert/1194.java.pth,train
119,599.java,n,./embeddings-codebert/599.java.pth,./embeddings-bert/599.java.pth,train
120,462.java,n,./embeddings-codebert/462.java.pth,./embeddings-bert/462.java.pth,train
121,609.java,n_square,./embeddings-codebert/609.java.pth,./embeddings-bert/609.java.pth,train
122,1196.java,1,./embeddings-codebert/1196.java.pth,./embeddings-bert/1196.java.pth,train
123,641.java,n,./embeddings-codebert/641.java.pth,./embeddings-bert/641.java.pth,train
124,102.java,n_square,./embeddings-codebert/102.java.pth,./embeddings-bert/102.java.pth,train
125,125.java,logn,./embeddings-codebert/125.java.pth,./embeddings-bert/125.java.pth,train
126,814.java,n,./embeddings-codebert/814.java.pth,./embeddings-bert/814.java.pth,train
127,780.java,1,./embeddings-codebert/780.java.pth,./embeddings-bert/780.java.pth,train
128,627.java,nlogn,./embeddings-codebert/627.java.pth,./embeddings-bert/627.java.pth,train
129,729.java,n_square,./embeddings-codebert/729.java.pth,./embeddings-bert/729.java.pth,train
130,1504.java,logn,./embeddings-codebert/1504.java.pth,./embeddings-bert/1504.java.pth,train
131,145.java,nlogn,./embeddings-codebert/145.java.pth,./embeddings-bert/145.java.pth,train
132,108.java,nlogn,./embeddings-codebert/108.java.pth,./embeddings-bert/108.java.pth,train
133,322.java,n_square,./embeddings-codebert/322.java.pth,./embeddings-bert/322.java.pth,train
134,1187.java,1,./embeddings-codebert/1187.java.pth,./embeddings-bert/1187.java.pth,train
135,1004.java,n,./embeddings-codebert/1004.java.pth,./embeddings-bert/1004.java.pth,train
136,1036.java,n_square,./embeddings-codebert/1036.java.pth,./embeddings-bert/1036.java.pth,train
137,87.java,nlogn,./embeddings-codebert/87.java.pth,./embeddings-bert/87.java.pth,train
138,446.java,n,./embeddings-codebert/446.java.pth,./embeddings-bert/446.java.pth,train
139,713.java,n,./embeddings-codebert/713.java.pth,./embeddings-bert/713.java.pth,train
140,398.java,n,./embeddings-codebert/398.java.pth,./embeddings-bert/398.java.pth,train
141,401.java,n_square,./embeddings-codebert/401.java.pth,./embeddings-bert/401.java.pth,train
142,1115.java,1,./embeddings-codebert/1115.java.pth,./embeddings-bert/1115.java.pth,train
143,1176.java,1,./embeddings-codebert/1176.java.pth,./embeddings-bert/1176.java.pth,train
144,1034.java,nlogn,./embeddings-codebert/1034.java.pth,./embeddings-bert/1034.java.pth,train
145,637.java,n,./embeddings-codebert/637.java.pth,./embeddings-bert/637.java.pth,train
146,530.java,logn,./embeddings-codebert/530.java.pth,./embeddings-bert/530.java.pth,train
147,249.java,n_square,./embeddings-codebert/249.java.pth,./embeddings-bert/249.java.pth,train
148,610.java,nlogn,./embeddings-codebert/610.java.pth,./embeddings-bert/610.java.pth,train
149,934.java,nlogn,./embeddings-codebert/934.java.pth,./embeddings-bert/934.java.pth,train
150,409.java,n,./embeddings-codebert/409.java.pth,./embeddings-bert/409.java.pth,train
151,555.java,n,./embeddings-codebert/555.java.pth,./embeddings-bert/555.java.pth,train
152,1166.java,logn,./embeddings-codebert/1166.java.pth,./embeddings-bert/1166.java.pth,train
153,747.java,n,./embeddings-codebert/747.java.pth,./embeddings-bert/747.java.pth,train
154,796.java,n,./embeddings-codebert/796.java.pth,./embeddings-bert/796.java.pth,train
155,886.java,n,./embeddings-codebert/886.java.pth,./embeddings-bert/886.java.pth,train
156,353.java,n,./embeddings-codebert/353.java.pth,./embeddings-bert/353.java.pth,train
157,1182.java,1,./embeddings-codebert/1182.java.pth,./embeddings-bert/1182.java.pth,train
158,558.java,n,./embeddings-codebert/558.java.pth,./embeddings-bert/558.java.pth,train
159,484.java,nlogn,./embeddings-codebert/484.java.pth,./embeddings-bert/484.java.pth,train
160,1168.java,logn,./embeddings-codebert/1168.java.pth,./embeddings-bert/1168.java.pth,train
161,582.java,n,./embeddings-codebert/582.java.pth,./embeddings-bert/582.java.pth,train
162,995.java,1,./embeddings-codebert/995.java.pth,./embeddings-bert/995.java.pth,train
163,545.java,n,./embeddings-codebert/545.java.pth,./embeddings-bert/545.java.pth,train
164,1144.java,1,./embeddings-codebert/1144.java.pth,./embeddings-bert/1144.java.pth,train
165,863.java,n_square,./embeddings-codebert/863.java.pth,./embeddings-bert/863.java.pth,train
166,651.java,nlogn,./embeddings-codebert/651.java.pth,./embeddings-bert/651.java.pth,train
167,906.java,n_square,./embeddings-codebert/906.java.pth,./embeddings-bert/906.java.pth,train
168,546.java,nlogn,./embeddings-codebert/546.java.pth,./embeddings-bert/546.java.pth,train
169,315.java,nlogn,./embeddings-codebert/315.java.pth,./embeddings-bert/315.java.pth,train
170,271.java,n_square,./embeddings-codebert/271.java.pth,./embeddings-bert/271.java.pth,train
171,311.java,n_square,./embeddings-codebert/311.java.pth,./embeddings-bert/311.java.pth,train
172,733.java,1,./embeddings-codebert/733.java.pth,./embeddings-bert/733.java.pth,train
173,887.java,n,./embeddings-codebert/887.java.pth,./embeddings-bert/887.java.pth,train
174,759.java,n_square,./embeddings-codebert/759.java.pth,./embeddings-bert/759.java.pth,train
175,1.java,n_square,./embeddings-codebert/1.java.pth,./embeddings-bert/1.java.pth,train
176,835.java,1,./embeddings-codebert/835.java.pth,./embeddings-bert/835.java.pth,train
177,32.java,n,./embeddings-codebert/32.java.pth,./embeddings-bert/32.java.pth,train
178,816.java,1,./embeddings-codebert/816.java.pth,./embeddings-bert/816.java.pth,train
179,1186.java,1,./embeddings-codebert/1186.java.pth,./embeddings-bert/1186.java.pth,train
180,1112.java,1,./embeddings-codebert/1112.java.pth,./embeddings-bert/1112.java.pth,train
181,571.java,n,./embeddings-codebert/571.java.pth,./embeddings-bert/571.java.pth,train
182,661.java,nlogn,./embeddings-codebert/661.java.pth,./embeddings-bert/661.java.pth,train
183,371.java,n_square,./embeddings-codebert/371.java.pth,./embeddings-bert/371.java.pth,train
184,577.java,nlogn,./embeddings-codebert/577.java.pth,./embeddings-bert/577.java.pth,train
185,508.java,n,./embeddings-codebert/508.java.pth,./embeddings-bert/508.java.pth,train
186,772.java,n,./embeddings-codebert/772.java.pth,./embeddings-bert/772.java.pth,train
187,798.java,n,./embeddings-codebert/798.java.pth,./embeddings-bert/798.java.pth,train
188,805.java,nlogn,./embeddings-codebert/805.java.pth,./embeddings-bert/805.java.pth,train
189,1189.java,1,./embeddings-codebert/1189.java.pth,./embeddings-bert/1189.java.pth,train
190,287.java,n,./embeddings-codebert/287.java.pth,./embeddings-bert/287.java.pth,train
191,878.java,1,./embeddings-codebert/878.java.pth,./embeddings-bert/878.java.pth,train
192,356.java,n,./embeddings-codebert/356.java.pth,./embeddings-bert/356.java.pth,train
193,562.java,nlogn,./embeddings-codebert/562.java.pth,./embeddings-bert/562.java.pth,train
194,342.java,n_square,./embeddings-codebert/342.java.pth,./embeddings-bert/342.java.pth,train
195,314.java,n_square,./embeddings-codebert/314.java.pth,./embeddings-bert/314.java.pth,train
196,339.java,n_square,./embeddings-codebert/339.java.pth,./embeddings-bert/339.java.pth,train
197,439.java,n,./embeddings-codebert/439.java.pth,./embeddings-bert/439.java.pth,train
198,738.java,n,./embeddings-codebert/738.java.pth,./embeddings-bert/738.java.pth,train
199,547.java,n,./embeddings-codebert/547.java.pth,./embeddings-bert/547.java.pth,train
200,1005.java,n,./embeddings-codebert/1005.java.pth,./embeddings-bert/1005.java.pth,train
201,1512.java,logn,./embeddings-codebert/1512.java.pth,./embeddings-bert/1512.java.pth,train
202,115.java,n_square,./embeddings-codebert/115.java.pth,./embeddings-bert/115.java.pth,train
203,1506.java,logn,./embeddings-codebert/1506.java.pth,./embeddings-bert/1506.java.pth,train
204,94.java,n_square,./embeddings-codebert/94.java.pth,./embeddings-bert/94.java.pth,train
205,1132.java,1,./embeddings-codebert/1132.java.pth,./embeddings-bert/1132.java.pth,train
206,1158.java,logn,./embeddings-codebert/1158.java.pth,./embeddings-bert/1158.java.pth,train
207,1128.java,1,./embeddings-codebert/1128.java.pth,./embeddings-bert/1128.java.pth,train
208,481.java,n,./embeddings-codebert/481.java.pth,./embeddings-bert/481.java.pth,train
209,967.java,nlogn,./embeddings-codebert/967.java.pth,./embeddings-bert/967.java.pth,train
210,496.java,n,./embeddings-codebert/496.java.pth,./embeddings-bert/496.java.pth,train
211,500.java,n,./embeddings-codebert/500.java.pth,./embeddings-bert/500.java.pth,train
212,120.java,n_square,./embeddings-codebert/120.java.pth,./embeddings-bert/120.java.pth,train
213,593.java,n,./embeddings-codebert/593.java.pth,./embeddings-bert/593.java.pth,train
214,943.java,n_square,./embeddings-codebert/943.java.pth,./embeddings-bert/943.java.pth,train
215,680.java,nlogn,./embeddings-codebert/680.java.pth,./embeddings-bert/680.java.pth,train
216,497.java,n_square,./embeddings-codebert/497.java.pth,./embeddings-bert/497.java.pth,train
217,388.java,n,./embeddings-codebert/388.java.pth,./embeddings-bert/388.java.pth,train
218,277.java,n,./embeddings-codebert/277.java.pth,./embeddings-bert/277.java.pth,train
219,1206.java,1,./embeddings-codebert/1206.java.pth,./embeddings-bert/1206.java.pth,train
220,720.java,n_square,./embeddings-codebert/720.java.pth,./embeddings-bert/720.java.pth,train
221,526.java,n,./embeddings-codebert/526.java.pth,./embeddings-bert/526.java.pth,train
222,848.java,n,./embeddings-codebert/848.java.pth,./embeddings-bert/848.java.pth,train
223,455.java,n,./embeddings-codebert/455.java.pth,./embeddings-bert/455.java.pth,train
224,39.java,n,./embeddings-codebert/39.java.pth,./embeddings-bert/39.java.pth,train
225,1123.java,1,./embeddings-codebert/1123.java.pth,./embeddings-bert/1123.java.pth,train
226,297.java,n,./embeddings-codebert/297.java.pth,./embeddings-bert/297.java.pth,train
227,258.java,n_square,./embeddings-codebert/258.java.pth,./embeddings-bert/258.java.pth,train
228,775.java,1,./embeddings-codebert/775.java.pth,./embeddings-bert/775.java.pth,train
229,846.java,n,./embeddings-codebert/846.java.pth,./embeddings-bert/846.java.pth,train
230,710.java,n_square,./embeddings-codebert/710.java.pth,./embeddings-bert/710.java.pth,train
231,1102.java,1,./embeddings-codebert/1102.java.pth,./embeddings-bert/1102.java.pth,train
232,991.java,n_square,./embeddings-codebert/991.java.pth,./embeddings-bert/991.java.pth,train
233,538.java,logn,./embeddings-codebert/538.java.pth,./embeddings-bert/538.java.pth,train
234,1183.java,1,./embeddings-codebert/1183.java.pth,./embeddings-bert/1183.java.pth,train
235,73.java,n_square,./embeddings-codebert/73.java.pth,./embeddings-bert/73.java.pth,train
236,924.java,nlogn,./embeddings-codebert/924.java.pth,./embeddings-bert/924.java.pth,train
237,217.java,1,./embeddings-codebert/217.java.pth,./embeddings-bert/217.java.pth,train
238,62.java,n,./embeddings-codebert/62.java.pth,./embeddings-bert/62.java.pth,train
239,1119.java,1,./embeddings-codebert/1119.java.pth,./embeddings-bert/1119.java.pth,train
240,719.java,n,./embeddings-codebert/719.java.pth,./embeddings-bert/719.java.pth,train
241,92.java,n_square,./embeddings-codebert/92.java.pth,./embeddings-bert/92.java.pth,train
242,107.java,n_square,./embeddings-codebert/107.java.pth,./embeddings-bert/107.java.pth,train
243,346.java,n_square,./embeddings-codebert/346.java.pth,./embeddings-bert/346.java.pth,train
244,539.java,logn,./embeddings-codebert/539.java.pth,./embeddings-bert/539.java.pth,train
245,136.java,nlogn,./embeddings-codebert/136.java.pth,./embeddings-bert/136.java.pth,train
246,417.java,n,./embeddings-codebert/417.java.pth,./embeddings-bert/417.java.pth,train
247,596.java,n_square,./embeddings-codebert/596.java.pth,./embeddings-bert/596.java.pth,train
248,575.java,nlogn,./embeddings-codebert/575.java.pth,./embeddings-bert/575.java.pth,train
249,269.java,n,./embeddings-codebert/269.java.pth,./embeddings-bert/269.java.pth,train
250,251.java,n_square,./embeddings-codebert/251.java.pth,./embeddings-bert/251.java.pth,train
251,312.java,n,./embeddings-codebert/312.java.pth,./embeddings-bert/312.java.pth,train
252,367.java,n_square,./embeddings-codebert/367.java.pth,./embeddings-bert/367.java.pth,train
253,309.java,n,./embeddings-codebert/309.java.pth,./embeddings-bert/309.java.pth,train
254,949.java,n_square,./embeddings-codebert/949.java.pth,./embeddings-bert/949.java.pth,train
255,407.java,n_square,./embeddings-codebert/407.java.pth,./embeddings-bert/407.java.pth,train
256,405.java,n,./embeddings-codebert/405.java.pth,./embeddings-bert/405.java.pth,train
257,893.java,n,./embeddings-codebert/893.java.pth,./embeddings-bert/893.java.pth,train
258,66.java,n,./embeddings-codebert/66.java.pth,./embeddings-bert/66.java.pth,train
259,331.java,n,./embeddings-codebert/331.java.pth,./embeddings-bert/331.java.pth,train
260,990.java,n_square,./embeddings-codebert/990.java.pth,./embeddings-bert/990.java.pth,train
261,920.java,nlogn,./embeddings-codebert/920.java.pth,./embeddings-bert/920.java.pth,train
262,1019.java,nlogn,./embeddings-codebert/1019.java.pth,./embeddings-bert/1019.java.pth,train
263,731.java,n_square,./embeddings-codebert/731.java.pth,./embeddings-bert/731.java.pth,train
264,700.java,n_square,./embeddings-codebert/700.java.pth,./embeddings-bert/700.java.pth,train
265,513.java,logn,./embeddings-codebert/513.java.pth,./embeddings-bert/513.java.pth,train
266,1150.java,1,./embeddings-codebert/1150.java.pth,./embeddings-bert/1150.java.pth,train
267,783.java,logn,./embeddings-codebert/783.java.pth,./embeddings-bert/783.java.pth,train
268,1157.java,logn,./embeddings-codebert/1157.java.pth,./embeddings-bert/1157.java.pth,train
269,642.java,n,./embeddings-codebert/642.java.pth,./embeddings-bert/642.java.pth,train
270,952.java,n,./embeddings-codebert/952.java.pth,./embeddings-bert/952.java.pth,train
271,902.java,n,./embeddings-codebert/902.java.pth,./embeddings-bert/902.java.pth,train
272,61.java,n_square,./embeddings-codebert/61.java.pth,./embeddings-bert/61.java.pth,train
273,421.java,n_square,./embeddings-codebert/421.java.pth,./embeddings-bert/421.java.pth,train
274,556.java,n_square,./embeddings-codebert/556.java.pth,./embeddings-bert/556.java.pth,train
275,507.java,n,./embeddings-codebert/507.java.pth,./embeddings-bert/507.java.pth,train
276,162.java,n_square,./embeddings-codebert/162.java.pth,./embeddings-bert/162.java.pth,train
277,758.java,n,./embeddings-codebert/758.java.pth,./embeddings-bert/758.java.pth,train
278,1008.java,n,./embeddings-codebert/1008.java.pth,./embeddings-bert/1008.java.pth,train
279,104.java,n_square,./embeddings-codebert/104.java.pth,./embeddings-bert/104.java.pth,train
280,117.java,n_square,./embeddings-codebert/117.java.pth,./embeddings-bert/117.java.pth,train
281,1192.java,1,./embeddings-codebert/1192.java.pth,./embeddings-bert/1192.java.pth,train
282,1101.java,1,./embeddings-codebert/1101.java.pth,./embeddings-bert/1101.java.pth,train
283,830.java,1,./embeddings-codebert/830.java.pth,./embeddings-bert/830.java.pth,train
284,351.java,n,./embeddings-codebert/351.java.pth,./embeddings-bert/351.java.pth,train
285,971.java,n,./embeddings-codebert/971.java.pth,./embeddings-bert/971.java.pth,train
286,718.java,1,./embeddings-codebert/718.java.pth,./embeddings-bert/718.java.pth,train
287,961.java,nlogn,./embeddings-codebert/961.java.pth,./embeddings-bert/961.java.pth,train
288,517.java,n,./embeddings-codebert/517.java.pth,./embeddings-bert/517.java.pth,train
289,914.java,nlogn,./embeddings-codebert/914.java.pth,./embeddings-bert/914.java.pth,train
290,585.java,n_square,./embeddings-codebert/585.java.pth,./embeddings-bert/585.java.pth,train
291,1201.java,1,./embeddings-codebert/1201.java.pth,./embeddings-bert/1201.java.pth,train
292,919.java,nlogn,./embeddings-codebert/919.java.pth,./embeddings-bert/919.java.pth,train
293,457.java,nlogn,./embeddings-codebert/457.java.pth,./embeddings-bert/457.java.pth,train
294,653.java,n,./embeddings-codebert/653.java.pth,./embeddings-bert/653.java.pth,train
295,669.java,n,./embeddings-codebert/669.java.pth,./embeddings-bert/669.java.pth,train
296,278.java,n_square,./embeddings-codebert/278.java.pth,./embeddings-bert/278.java.pth,train
297,600.java,1,./embeddings-codebert/600.java.pth,./embeddings-bert/600.java.pth,train
298,639.java,n,./embeddings-codebert/639.java.pth,./embeddings-bert/639.java.pth,train
299,482.java,nlogn,./embeddings-codebert/482.java.pth,./embeddings-bert/482.java.pth,train
300,67.java,n,./embeddings-codebert/67.java.pth,./embeddings-bert/67.java.pth,train
301,900.java,n,./embeddings-codebert/900.java.pth,./embeddings-bert/900.java.pth,train
302,387.java,n_square,./embeddings-codebert/387.java.pth,./embeddings-bert/387.java.pth,train
303,160.java,n,./embeddings-codebert/160.java.pth,./embeddings-bert/160.java.pth,train
304,771.java,n,./embeddings-codebert/771.java.pth,./embeddings-bert/771.java.pth,train
305,636.java,n,./embeddings-codebert/636.java.pth,./embeddings-bert/636.java.pth,train
306,22.java,logn,./embeddings-codebert/22.java.pth,./embeddings-bert/22.java.pth,train
307,689.java,nlogn,./embeddings-codebert/689.java.pth,./embeddings-bert/689.java.pth,train
308,770.java,n,./embeddings-codebert/770.java.pth,./embeddings-bert/770.java.pth,train
309,695.java,n,./embeddings-codebert/695.java.pth,./embeddings-bert/695.java.pth,train
310,318.java,n_square,./embeddings-codebert/318.java.pth,./embeddings-bert/318.java.pth,train
311,1181.java,1,./embeddings-codebert/1181.java.pth,./embeddings-bert/1181.java.pth,train
312,988.java,n_square,./embeddings-codebert/988.java.pth,./embeddings-bert/988.java.pth,train
313,471.java,n_square,./embeddings-codebert/471.java.pth,./embeddings-bert/471.java.pth,train
314,486.java,nlogn,./embeddings-codebert/486.java.pth,./embeddings-bert/486.java.pth,train
315,855.java,nlogn,./embeddings-codebert/855.java.pth,./embeddings-bert/855.java.pth,train
316,369.java,n_square,./embeddings-codebert/369.java.pth,./embeddings-bert/369.java.pth,train
317,85.java,n,./embeddings-codebert/85.java.pth,./embeddings-bert/85.java.pth,train
318,655.java,n_square,./embeddings-codebert/655.java.pth,./embeddings-bert/655.java.pth,train
319,867.java,n,./embeddings-codebert/867.java.pth,./embeddings-bert/867.java.pth,train
320,1193.java,1,./embeddings-codebert/1193.java.pth,./embeddings-bert/1193.java.pth,train
321,654.java,n,./embeddings-codebert/654.java.pth,./embeddings-bert/654.java.pth,train
322,644.java,1,./embeddings-codebert/644.java.pth,./embeddings-bert/644.java.pth,train
323,503.java,nlogn,./embeddings-codebert/503.java.pth,./embeddings-bert/503.java.pth,train
324,174.java,nlogn,./embeddings-codebert/174.java.pth,./embeddings-bert/174.java.pth,train
325,1202.java,1,./embeddings-codebert/1202.java.pth,./embeddings-bert/1202.java.pth,train
326,760.java,nlogn,./embeddings-codebert/760.java.pth,./embeddings-bert/760.java.pth,train
327,308.java,n,./embeddings-codebert/308.java.pth,./embeddings-bert/308.java.pth,train
328,357.java,n_square,./embeddings-codebert/357.java.pth,./embeddings-bert/357.java.pth,train
329,807.java,n_square,./embeddings-codebert/807.java.pth,./embeddings-bert/807.java.pth,train
330,649.java,nlogn,./embeddings-codebert/649.java.pth,./embeddings-bert/649.java.pth,train
331,1029.java,n,./embeddings-codebert/1029.java.pth,./embeddings-bert/1029.java.pth,train
332,619.java,1,./embeddings-codebert/619.java.pth,./embeddings-bert/619.java.pth,train
333,764.java,n_square,./embeddings-codebert/764.java.pth,./embeddings-bert/764.java.pth,train
334,741.java,n_square,./embeddings-codebert/741.java.pth,./embeddings-bert/741.java.pth,train
335,803.java,n,./embeddings-codebert/803.java.pth,./embeddings-bert/803.java.pth,train
336,77.java,n,./embeddings-codebert/77.java.pth,./embeddings-bert/77.java.pth,train
337,579.java,nlogn,./embeddings-codebert/579.java.pth,./embeddings-bert/579.java.pth,train
338,1026.java,n,./embeddings-codebert/1026.java.pth,./embeddings-bert/1026.java.pth,train
339,832.java,1,./embeddings-codebert/832.java.pth,./embeddings-bert/832.java.pth,train
340,422.java,n,./embeddings-codebert/422.java.pth,./embeddings-bert/422.java.pth,train
341,143.java,n_square,./embeddings-codebert/143.java.pth,./embeddings-bert/143.java.pth,train
342,997.java,n,./embeddings-codebert/997.java.pth,./embeddings-bert/997.java.pth,train
343,727.java,nlogn,./embeddings-codebert/727.java.pth,./embeddings-bert/727.java.pth,train
344,987.java,n_square,./embeddings-codebert/987.java.pth,./embeddings-bert/987.java.pth,train
345,622.java,n,./embeddings-codebert/622.java.pth,./embeddings-bert/622.java.pth,train
346,897.java,nlogn,./embeddings-codebert/897.java.pth,./embeddings-bert/897.java.pth,train
347,821.java,n_square,./embeddings-codebert/821.java.pth,./embeddings-bert/821.java.pth,train
348,592.java,n_square,./embeddings-codebert/592.java.pth,./embeddings-bert/592.java.pth,train
349,827.java,n,./embeddings-codebert/827.java.pth,./embeddings-bert/827.java.pth,train
350,1177.java,1,./embeddings-codebert/1177.java.pth,./embeddings-bert/1177.java.pth,train
351,1109.java,1,./embeddings-codebert/1109.java.pth,./embeddings-bert/1109.java.pth,train
352,254.java,n_square,./embeddings-codebert/254.java.pth,./embeddings-bert/254.java.pth,train
353,1209.java,1,./embeddings-codebert/1209.java.pth,./embeddings-bert/1209.java.pth,train
354,570.java,n,./embeddings-codebert/570.java.pth,./embeddings-bert/570.java.pth,train
355,138.java,nlogn,./embeddings-codebert/138.java.pth,./embeddings-bert/138.java.pth,train
356,464.java,nlogn,./embeddings-codebert/464.java.pth,./embeddings-bert/464.java.pth,train
357,1503.java,logn,./embeddings-codebert/1503.java.pth,./embeddings-bert/1503.java.pth,train
358,1152.java,1,./embeddings-codebert/1152.java.pth,./embeddings-bert/1152.java.pth,train
359,681.java,n_square,./embeddings-codebert/681.java.pth,./embeddings-bert/681.java.pth,train
360,767.java,nlogn,./embeddings-codebert/767.java.pth,./embeddings-bert/767.java.pth,train
361,130.java,n,./embeddings-codebert/130.java.pth,./embeddings-bert/130.java.pth,train
362,440.java,n,./embeddings-codebert/440.java.pth,./embeddings-bert/440.java.pth,train
363,1155.java,1,./embeddings-codebert/1155.java.pth,./embeddings-bert/1155.java.pth,train
364,749.java,nlogn,./embeddings-codebert/749.java.pth,./embeddings-bert/749.java.pth,train
365,426.java,n,./embeddings-codebert/426.java.pth,./embeddings-bert/426.java.pth,train
366,1170.java,logn,./embeddings-codebert/1170.java.pth,./embeddings-bert/1170.java.pth,train
367,1198.java,1,./embeddings-codebert/1198.java.pth,./embeddings-bert/1198.java.pth,train
368,911.java,n_square,./embeddings-codebert/911.java.pth,./embeddings-bert/911.java.pth,train
369,938.java,n,./embeddings-codebert/938.java.pth,./embeddings-bert/938.java.pth,train
370,69.java,n,./embeddings-codebert/69.java.pth,./embeddings-bert/69.java.pth,train
371,531.java,n,./embeddings-codebert/531.java.pth,./embeddings-bert/531.java.pth,train
372,366.java,n_square,./embeddings-codebert/366.java.pth,./embeddings-bert/366.java.pth,train
373,1017.java,n_square,./embeddings-codebert/1017.java.pth,./embeddings-bert/1017.java.pth,train
374,1511.java,logn,./embeddings-codebert/1511.java.pth,./embeddings-bert/1511.java.pth,train
375,890.java,n,./embeddings-codebert/890.java.pth,./embeddings-bert/890.java.pth,train
376,523.java,nlogn,./embeddings-codebert/523.java.pth,./embeddings-bert/523.java.pth,train
377,80.java,n,./embeddings-codebert/80.java.pth,./embeddings-bert/80.java.pth,train
378,595.java,n_square,./embeddings-codebert/595.java.pth,./embeddings-bert/595.java.pth,train
379,1038.java,n_square,./embeddings-codebert/1038.java.pth,./embeddings-bert/1038.java.pth,train
380,75.java,n_square,./embeddings-codebert/75.java.pth,./embeddings-bert/75.java.pth,train
381,580.java,n,./embeddings-codebert/580.java.pth,./embeddings-bert/580.java.pth,train
382,670.java,n,./embeddings-codebert/670.java.pth,./embeddings-bert/670.java.pth,train
383,998.java,n,./embeddings-codebert/998.java.pth,./embeddings-bert/998.java.pth,train
384,492.java,1,./embeddings-codebert/492.java.pth,./embeddings-bert/492.java.pth,train
385,1028.java,n,./embeddings-codebert/1028.java.pth,./embeddings-bert/1028.java.pth,train
386,752.java,n,./embeddings-codebert/752.java.pth,./embeddings-bert/752.java.pth,train
387,847.java,nlogn,./embeddings-codebert/847.java.pth,./embeddings-bert/847.java.pth,train
388,684.java,nlogn,./embeddings-codebert/684.java.pth,./embeddings-bert/684.java.pth,train
389,583.java,n_square,./embeddings-codebert/583.java.pth,./embeddings-bert/583.java.pth,train
390,133.java,n_square,./embeddings-codebert/133.java.pth,./embeddings-bert/133.java.pth,train
391,647.java,1,./embeddings-codebert/647.java.pth,./embeddings-bert/647.java.pth,train
392,864.java,n,./embeddings-codebert/864.java.pth,./embeddings-bert/864.java.pth,train
393,276.java,n,./embeddings-codebert/276.java.pth,./embeddings-bert/276.java.pth,train
394,664.java,nlogn,./embeddings-codebert/664.java.pth,./embeddings-bert/664.java.pth,train
395,28.java,n,./embeddings-codebert/28.java.pth,./embeddings-bert/28.java.pth,train
396,381.java,n,./embeddings-codebert/381.java.pth,./embeddings-bert/381.java.pth,train
397,999.java,n,./embeddings-codebert/999.java.pth,./embeddings-bert/999.java.pth,train
398,925.java,1,./embeddings-codebert/925.java.pth,./embeddings-bert/925.java.pth,train
399,390.java,n,./embeddings-codebert/390.java.pth,./embeddings-bert/390.java.pth,train
400,1197.java,1,./embeddings-codebert/1197.java.pth,./embeddings-bert/1197.java.pth,train
401,879.java,nlogn,./embeddings-codebert/879.java.pth,./embeddings-bert/879.java.pth,train
402,293.java,n_square,./embeddings-codebert/293.java.pth,./embeddings-bert/293.java.pth,train
403,787.java,nlogn,./embeddings-codebert/787.java.pth,./embeddings-bert/787.java.pth,train
404,841.java,n,./embeddings-codebert/841.java.pth,./embeddings-bert/841.java.pth,train
405,1107.java,1,./embeddings-codebert/1107.java.pth,./embeddings-bert/1107.java.pth,train
406,505.java,nlogn,./embeddings-codebert/505.java.pth,./embeddings-bert/505.java.pth,train
407,1129.java,1,./embeddings-codebert/1129.java.pth,./embeddings-bert/1129.java.pth,train
408,298.java,n_square,./embeddings-codebert/298.java.pth,./embeddings-bert/298.java.pth,train
409,450.java,nlogn,./embeddings-codebert/450.java.pth,./embeddings-bert/450.java.pth,train
410,1191.java,1,./embeddings-codebert/1191.java.pth,./embeddings-bert/1191.java.pth,train
411,1142.java,1,./embeddings-codebert/1142.java.pth,./embeddings-bert/1142.java.pth,train
412,1108.java,1,./embeddings-codebert/1108.java.pth,./embeddings-bert/1108.java.pth,train
413,916.java,n,./embeddings-codebert/916.java.pth,./embeddings-bert/916.java.pth,train
414,49.java,n,./embeddings-codebert/49.java.pth,./embeddings-bert/49.java.pth,train
415,1037.java,n_square,./embeddings-codebert/1037.java.pth,./embeddings-bert/1037.java.pth,train
416,1106.java,1,./embeddings-codebert/1106.java.pth,./embeddings-bert/1106.java.pth,train
417,106.java,n,./embeddings-codebert/106.java.pth,./embeddings-bert/106.java.pth,train
418,965.java,n,./embeddings-codebert/965.java.pth,./embeddings-bert/965.java.pth,train
419,360.java,n,./embeddings-codebert/360.java.pth,./embeddings-bert/360.java.pth,train
420,708.java,n,./embeddings-codebert/708.java.pth,./embeddings-bert/708.java.pth,train
421,438.java,n,./embeddings-codebert/438.java.pth,./embeddings-bert/438.java.pth,train
422,645.java,1,./embeddings-codebert/645.java.pth,./embeddings-bert/645.java.pth,train
423,370.java,n_square,./embeddings-codebert/370.java.pth,./embeddings-bert/370.java.pth,train
424,375.java,n_square,./embeddings-codebert/375.java.pth,./embeddings-bert/375.java.pth,train
425,1131.java,1,./embeddings-codebert/1131.java.pth,./embeddings-bert/1131.java.pth,train
426,621.java,n,./embeddings-codebert/621.java.pth,./embeddings-bert/621.java.pth,train
427,892.java,n,./embeddings-codebert/892.java.pth,./embeddings-bert/892.java.pth,train
428,705.java,n_square,./embeddings-codebert/705.java.pth,./embeddings-bert/705.java.pth,train
429,453.java,n,./embeddings-codebert/453.java.pth,./embeddings-bert/453.java.pth,train
430,7.java,n_square,./embeddings-codebert/7.java.pth,./embeddings-bert/7.java.pth,train
431,561.java,nlogn,./embeddings-codebert/561.java.pth,./embeddings-bert/561.java.pth,train
432,964.java,nlogn,./embeddings-codebert/964.java.pth,./embeddings-bert/964.java.pth,train
433,324.java,n_square,./embeddings-codebert/324.java.pth,./embeddings-bert/324.java.pth,train
434,598.java,n_square,./embeddings-codebert/598.java.pth,./embeddings-bert/598.java.pth,train
435,818.java,nlogn,./embeddings-codebert/818.java.pth,./embeddings-bert/818.java.pth,train
436,296.java,n,./embeddings-codebert/296.java.pth,./embeddings-bert/296.java.pth,train
437,46.java,nlogn,./embeddings-codebert/46.java.pth,./embeddings-bert/46.java.pth,train
438,262.java,1,./embeddings-codebert/262.java.pth,./embeddings-bert/262.java.pth,train
439,284.java,n,./embeddings-codebert/284.java.pth,./embeddings-bert/284.java.pth,train
440,968.java,n,./embeddings-codebert/968.java.pth,./embeddings-bert/968.java.pth,train
441,944.java,n,./embeddings-codebert/944.java.pth,./embeddings-bert/944.java.pth,train
442,1002.java,n,./embeddings-codebert/1002.java.pth,./embeddings-bert/1002.java.pth,train
443,553.java,n,./embeddings-codebert/553.java.pth,./embeddings-bert/553.java.pth,train
444,773.java,n,./embeddings-codebert/773.java.pth,./embeddings-bert/773.java.pth,train
445,268.java,n,./embeddings-codebert/268.java.pth,./embeddings-bert/268.java.pth,train
446,4.java,n,./embeddings-codebert/4.java.pth,./embeddings-bert/4.java.pth,train
447,1204.java,1,./embeddings-codebert/1204.java.pth,./embeddings-bert/1204.java.pth,train
448,374.java,n,./embeddings-codebert/374.java.pth,./embeddings-bert/374.java.pth,train
449,456.java,n,./embeddings-codebert/456.java.pth,./embeddings-bert/456.java.pth,train
450,840.java,n_square,./embeddings-codebert/840.java.pth,./embeddings-bert/840.java.pth,train
451,633.java,n,./embeddings-codebert/633.java.pth,./embeddings-bert/633.java.pth,train
452,25.java,n_square,./embeddings-codebert/25.java.pth,./embeddings-bert/25.java.pth,train
453,1507.java,logn,./embeddings-codebert/1507.java.pth,./embeddings-bert/1507.java.pth,train
454,396.java,n_square,./embeddings-codebert/396.java.pth,./embeddings-bert/396.java.pth,train
455,229.java,n_square,./embeddings-codebert/229.java.pth,./embeddings-bert/229.java.pth,train
456,494.java,n,./embeddings-codebert/494.java.pth,./embeddings-bert/494.java.pth,train
457,564.java,nlogn,./embeddings-codebert/564.java.pth,./embeddings-bert/564.java.pth,train
458,854.java,n,./embeddings-codebert/854.java.pth,./embeddings-bert/854.java.pth,train
459,921.java,n,./embeddings-codebert/921.java.pth,./embeddings-bert/921.java.pth,train
460,1114.java,1,./embeddings-codebert/1114.java.pth,./embeddings-bert/1114.java.pth,train
461,616.java,1,./embeddings-codebert/616.java.pth,./embeddings-bert/616.java.pth,train
462,279.java,n,./embeddings-codebert/279.java.pth,./embeddings-bert/279.java.pth,train
463,365.java,n,./embeddings-codebert/365.java.pth,./embeddings-bert/365.java.pth,train
464,38.java,n,./embeddings-codebert/38.java.pth,./embeddings-bert/38.java.pth,train
465,1145.java,1,./embeddings-codebert/1145.java.pth,./embeddings-bert/1145.java.pth,train
466,382.java,n,./embeddings-codebert/382.java.pth,./embeddings-bert/382.java.pth,train
467,1118.java,1,./embeddings-codebert/1118.java.pth,./embeddings-bert/1118.java.pth,train
468,1032.java,nlogn,./embeddings-codebert/1032.java.pth,./embeddings-bert/1032.java.pth,train
469,491.java,nlogn,./embeddings-codebert/491.java.pth,./embeddings-bert/491.java.pth,train
470,1110.java,1,./embeddings-codebert/1110.java.pth,./embeddings-bert/1110.java.pth,train
471,37.java,n,./embeddings-codebert/37.java.pth,./embeddings-bert/37.java.pth,train
472,1021.java,n,./embeddings-codebert/1021.java.pth,./embeddings-bert/1021.java.pth,train
473,658.java,n,./embeddings-codebert/658.java.pth,./embeddings-bert/658.java.pth,train
474,909.java,nlogn,./embeddings-codebert/909.java.pth,./embeddings-bert/909.java.pth,train
475,691.java,nlogn,./embeddings-codebert/691.java.pth,./embeddings-bert/691.java.pth,train
476,358.java,n,./embeddings-codebert/358.java.pth,./embeddings-bert/358.java.pth,train
477,956.java,nlogn,./embeddings-codebert/956.java.pth,./embeddings-bert/956.java.pth,train
478,850.java,nlogn,./embeddings-codebert/850.java.pth,./embeddings-bert/850.java.pth,train
479,638.java,n,./embeddings-codebert/638.java.pth,./embeddings-bert/638.java.pth,train
480,735.java,n,./embeddings-codebert/735.java.pth,./embeddings-bert/735.java.pth,train
481,57.java,n,./embeddings-codebert/57.java.pth,./embeddings-bert/57.java.pth,train
482,1014.java,n_square,./embeddings-codebert/1014.java.pth,./embeddings-bert/1014.java.pth,train
483,1211.java,1,./embeddings-codebert/1211.java.pth,./embeddings-bert/1211.java.pth,train
484,896.java,n,./embeddings-codebert/896.java.pth,./embeddings-bert/896.java.pth,train
485,1502.java,logn,./embeddings-codebert/1502.java.pth,./embeddings-bert/1502.java.pth,train
486,1027.java,n,./embeddings-codebert/1027.java.pth,./embeddings-bert/1027.java.pth,train
487,799.java,n,./embeddings-codebert/799.java.pth,./embeddings-bert/799.java.pth,train
488,750.java,n,./embeddings-codebert/750.java.pth,./embeddings-bert/750.java.pth,train
489,404.java,n,./embeddings-codebert/404.java.pth,./embeddings-bert/404.java.pth,train
490,973.java,n,./embeddings-codebert/973.java.pth,./embeddings-bert/973.java.pth,train
491,941.java,n,./embeddings-codebert/941.java.pth,./embeddings-bert/941.java.pth,train
492,385.java,n,./embeddings-codebert/385.java.pth,./embeddings-bert/385.java.pth,train
493,1113.java,1,./embeddings-codebert/1113.java.pth,./embeddings-bert/1113.java.pth,train
494,634.java,n_square,./embeddings-codebert/634.java.pth,./embeddings-bert/634.java.pth,train
495,757.java,1,./embeddings-codebert/757.java.pth,./embeddings-bert/757.java.pth,train
496,1199.java,1,./embeddings-codebert/1199.java.pth,./embeddings-bert/1199.java.pth,train
497,1154.java,1,./embeddings-codebert/1154.java.pth,./embeddings-bert/1154.java.pth,train
498,441.java,n,./embeddings-codebert/441.java.pth,./embeddings-bert/441.java.pth,train
499,795.java,n,./embeddings-codebert/795.java.pth,./embeddings-bert/795.java.pth,train
500,802.java,1,./embeddings-codebert/802.java.pth,./embeddings-bert/802.java.pth,train
501,704.java,n,./embeddings-codebert/704.java.pth,./embeddings-bert/704.java.pth,train
502,744.java,nlogn,./embeddings-codebert/744.java.pth,./embeddings-bert/744.java.pth,train
503,552.java,n,./embeddings-codebert/552.java.pth,./embeddings-bert/552.java.pth,train
504,880.java,n,./embeddings-codebert/880.java.pth,./embeddings-bert/880.java.pth,train
505,790.java,n_square,./embeddings-codebert/790.java.pth,./embeddings-bert/790.java.pth,train
506,888.java,nlogn,./embeddings-codebert/888.java.pth,./embeddings-bert/888.java.pth,train
507,714.java,n,./embeddings-codebert/714.java.pth,./embeddings-bert/714.java.pth,train
508,65.java,n,./embeddings-codebert/65.java.pth,./embeddings-bert/65.java.pth,train
509,424.java,n,./embeddings-codebert/424.java.pth,./embeddings-bert/424.java.pth,train
510,794.java,logn,./embeddings-codebert/794.java.pth,./embeddings-bert/794.java.pth,train
511,662.java,n,./embeddings-codebert/662.java.pth,./embeddings-bert/662.java.pth,train
512,951.java,n,./embeddings-codebert/951.java.pth,./embeddings-bert/951.java.pth,train
513,912.java,nlogn,./embeddings-codebert/912.java.pth,./embeddings-bert/912.java.pth,train
514,149.java,n_square,./embeddings-codebert/149.java.pth,./embeddings-bert/149.java.pth,train
515,904.java,nlogn,./embeddings-codebert/904.java.pth,./embeddings-bert/904.java.pth,train
516,989.java,n_square,./embeddings-codebert/989.java.pth,./embeddings-bert/989.java.pth,train
517,685.java,n,./embeddings-codebert/685.java.pth,./embeddings-bert/685.java.pth,train
518,1035.java,n_square,./embeddings-codebert/1035.java.pth,./embeddings-bert/1035.java.pth,train
519,543.java,logn,./embeddings-codebert/543.java.pth,./embeddings-bert/543.java.pth,train
520,811.java,n_square,./embeddings-codebert/811.java.pth,./embeddings-bert/811.java.pth,train
521,858.java,1,./embeddings-codebert/858.java.pth,./embeddings-bert/858.java.pth,train
522,408.java,n,./embeddings-codebert/408.java.pth,./embeddings-bert/408.java.pth,train
523,474.java,nlogn,./embeddings-codebert/474.java.pth,./embeddings-bert/474.java.pth,train
524,549.java,n,./embeddings-codebert/549.java.pth,./embeddings-bert/549.java.pth,train
525,79.java,n,./embeddings-codebert/79.java.pth,./embeddings-bert/79.java.pth,train
526,765.java,n,./embeddings-codebert/765.java.pth,./embeddings-bert/765.java.pth,train
527,898.java,n,./embeddings-codebert/898.java.pth,./embeddings-bert/898.java.pth,train
528,459.java,nlogn,./embeddings-codebert/459.java.pth,./embeddings-bert/459.java.pth,train
529,981.java,n,./embeddings-codebert/981.java.pth,./embeddings-bert/981.java.pth,train
530,829.java,n,./embeddings-codebert/829.java.pth,./embeddings-bert/829.java.pth,train
531,394.java,n,./embeddings-codebert/394.java.pth,./embeddings-bert/394.java.pth,train
532,199.java,n_square,./embeddings-codebert/199.java.pth,./embeddings-bert/199.java.pth,train
533,882.java,nlogn,./embeddings-codebert/882.java.pth,./embeddings-bert/882.java.pth,train
534,257.java,n_square,./embeddings-codebert/257.java.pth,./embeddings-bert/257.java.pth,train
535,1505.java,logn,./embeddings-codebert/1505.java.pth,./embeddings-bert/1505.java.pth,train
536,349.java,n,./embeddings-codebert/349.java.pth,./embeddings-bert/349.java.pth,train
537,461.java,n,./embeddings-codebert/461.java.pth,./embeddings-bert/461.java.pth,train
538,979.java,n,./embeddings-codebert/979.java.pth,./embeddings-bert/979.java.pth,train
539,282.java,n,./embeddings-codebert/282.java.pth,./embeddings-bert/282.java.pth,train
540,717.java,n,./embeddings-codebert/717.java.pth,./embeddings-bert/717.java.pth,train
541,270.java,n,./embeddings-codebert/270.java.pth,./embeddings-bert/270.java.pth,train
542,1138.java,1,./embeddings-codebert/1138.java.pth,./embeddings-bert/1138.java.pth,train
543,1188.java,1,./embeddings-codebert/1188.java.pth,./embeddings-bert/1188.java.pth,train
544,340.java,n_square,./embeddings-codebert/340.java.pth,./embeddings-bert/340.java.pth,train
545,751.java,nlogn,./embeddings-codebert/751.java.pth,./embeddings-bert/751.java.pth,train
546,1121.java,1,./embeddings-codebert/1121.java.pth,./embeddings-bert/1121.java.pth,train
547,1214.java,1,./embeddings-codebert/1214.java.pth,./embeddings-bert/1214.java.pth,train
548,488.java,n_square,./embeddings-codebert/488.java.pth,./embeddings-bert/488.java.pth,train
549,1125.java,1,./embeddings-codebert/1125.java.pth,./embeddings-bert/1125.java.pth,train
550,76.java,n,./embeddings-codebert/76.java.pth,./embeddings-bert/76.java.pth,train
551,986.java,n_square,./embeddings-codebert/986.java.pth,./embeddings-bert/986.java.pth,train
552,613.java,n_square,./embeddings-codebert/613.java.pth,./embeddings-bert/613.java.pth,train
553,617.java,n,./embeddings-codebert/617.java.pth,./embeddings-bert/617.java.pth,train
554,1136.java,1,./embeddings-codebert/1136.java.pth,./embeddings-bert/1136.java.pth,train
555,101.java,n,./embeddings-codebert/101.java.pth,./embeddings-bert/101.java.pth,train
556,837.java,n,./embeddings-codebert/837.java.pth,./embeddings-bert/837.java.pth,train
557,291.java,n,./embeddings-codebert/291.java.pth,./embeddings-bert/291.java.pth,train
558,946.java,n,./embeddings-codebert/946.java.pth,./embeddings-bert/946.java.pth,train
559,1515.java,logn,./embeddings-codebert/1515.java.pth,./embeddings-bert/1515.java.pth,train
560,559.java,n,./embeddings-codebert/559.java.pth,./embeddings-bert/559.java.pth,train
561,715.java,logn,./embeddings-codebert/715.java.pth,./embeddings-bert/715.java.pth,train
562,692.java,n_square,./embeddings-codebert/692.java.pth,./embeddings-bert/692.java.pth,train
563,512.java,logn,./embeddings-codebert/512.java.pth,./embeddings-bert/512.java.pth,train
564,865.java,n_square,./embeddings-codebert/865.java.pth,./embeddings-bert/865.java.pth,train
565,581.java,n_square,./embeddings-codebert/581.java.pth,./embeddings-bert/581.java.pth,train
566,785.java,n,./embeddings-codebert/785.java.pth,./embeddings-bert/785.java.pth,train
567,1024.java,nlogn,./embeddings-codebert/1024.java.pth,./embeddings-bert/1024.java.pth,train
568,1003.java,n,./embeddings-codebert/1003.java.pth,./embeddings-bert/1003.java.pth,train
569,299.java,n,./embeddings-codebert/299.java.pth,./embeddings-bert/299.java.pth,train
570,629.java,nlogn,./embeddings-codebert/629.java.pth,./embeddings-bert/629.java.pth,train
571,977.java,n,./embeddings-codebert/977.java.pth,./embeddings-bert/977.java.pth,train
572,84.java,n_square,./embeddings-codebert/84.java.pth,./embeddings-bert/84.java.pth,train
573,851.java,n,./embeddings-codebert/851.java.pth,./embeddings-bert/851.java.pth,train
574,646.java,1,./embeddings-codebert/646.java.pth,./embeddings-bert/646.java.pth,train
575,574.java,n,./embeddings-codebert/574.java.pth,./embeddings-bert/574.java.pth,train
576,697.java,n_square,./embeddings-codebert/697.java.pth,./embeddings-bert/697.java.pth,train
577,927.java,logn,./embeddings-codebert/927.java.pth,./embeddings-bert/927.java.pth,train
578,762.java,n_square,./embeddings-codebert/762.java.pth,./embeddings-bert/762.java.pth,train
579,648.java,1,./embeddings-codebert/648.java.pth,./embeddings-bert/648.java.pth,train
580,683.java,n,./embeddings-codebert/683.java.pth,./embeddings-bert/683.java.pth,train
581,45.java,n,./embeddings-codebert/45.java.pth,./embeddings-bert/45.java.pth,train
582,604.java,n,./embeddings-codebert/604.java.pth,./embeddings-bert/604.java.pth,train
583,509.java,n,./embeddings-codebert/509.java.pth,./embeddings-bert/509.java.pth,train
584,1159.java,logn,./embeddings-codebert/1159.java.pth,./embeddings-bert/1159.java.pth,train
585,305.java,n_square,./embeddings-codebert/305.java.pth,./embeddings-bert/305.java.pth,train
586,1510.java,logn,./embeddings-codebert/1510.java.pth,./embeddings-bert/1510.java.pth,train
587,839.java,n_square,./embeddings-codebert/839.java.pth,./embeddings-bert/839.java.pth,train
588,78.java,n,./embeddings-codebert/78.java.pth,./embeddings-bert/78.java.pth,train
589,789.java,n,./embeddings-codebert/789.java.pth,./embeddings-bert/789.java.pth,train
590,828.java,n,./embeddings-codebert/828.java.pth,./embeddings-bert/828.java.pth,train
591,460.java,nlogn,./embeddings-codebert/460.java.pth,./embeddings-bert/460.java.pth,train
592,1508.java,logn,./embeddings-codebert/1508.java.pth,./embeddings-bert/1508.java.pth,train
593,430.java,n,./embeddings-codebert/430.java.pth,./embeddings-bert/430.java.pth,train
594,844.java,nlogn,./embeddings-codebert/844.java.pth,./embeddings-bert/844.java.pth,train
595,875.java,n,./embeddings-codebert/875.java.pth,./embeddings-bert/875.java.pth,train
596,703.java,n_square,./embeddings-codebert/703.java.pth,./embeddings-bert/703.java.pth,train
597,537.java,n,./embeddings-codebert/537.java.pth,./embeddings-bert/537.java.pth,train
598,34.java,n,./embeddings-codebert/34.java.pth,./embeddings-bert/34.java.pth,train
599,391.java,n,./embeddings-codebert/391.java.pth,./embeddings-bert/391.java.pth,train
600,594.java,n,./embeddings-codebert/594.java.pth,./embeddings-bert/594.java.pth,train
601,274.java,n_square,./embeddings-codebert/274.java.pth,./embeddings-bert/274.java.pth,train
602,808.java,nlogn,./embeddings-codebert/808.java.pth,./embeddings-bert/808.java.pth,train
603,449.java,n,./embeddings-codebert/449.java.pth,./embeddings-bert/449.java.pth,train
604,963.java,n,./embeddings-codebert/963.java.pth,./embeddings-bert/963.java.pth,train
605,601.java,1,./embeddings-codebert/601.java.pth,./embeddings-bert/601.java.pth,train
606,936.java,nlogn,./embeddings-codebert/936.java.pth,./embeddings-bert/936.java.pth,train
607,493.java,nlogn,./embeddings-codebert/493.java.pth,./embeddings-bert/493.java.pth,train
608,883.java,n,./embeddings-codebert/883.java.pth,./embeddings-bert/883.java.pth,train
609,635.java,n_square,./embeddings-codebert/635.java.pth,./embeddings-bert/635.java.pth,train
610,1111.java,1,./embeddings-codebert/1111.java.pth,./embeddings-bert/1111.java.pth,train
611,978.java,n,./embeddings-codebert/978.java.pth,./embeddings-bert/978.java.pth,train
612,578.java,n,./embeddings-codebert/578.java.pth,./embeddings-bert/578.java.pth,train
613,544.java,n,./embeddings-codebert/544.java.pth,./embeddings-bert/544.java.pth,train
614,869.java,n,./embeddings-codebert/869.java.pth,./embeddings-bert/869.java.pth,train
615,948.java,n,./embeddings-codebert/948.java.pth,./embeddings-bert/948.java.pth,train
616,874.java,n,./embeddings-codebert/874.java.pth,./embeddings-bert/874.java.pth,train
617,68.java,n_square,./embeddings-codebert/68.java.pth,./embeddings-bert/68.java.pth,train
618,467.java,n_square,./embeddings-codebert/467.java.pth,./embeddings-bert/467.java.pth,train
619,618.java,n,./embeddings-codebert/618.java.pth,./embeddings-bert/618.java.pth,train
620,442.java,n,./embeddings-codebert/442.java.pth,./embeddings-bert/442.java.pth,train
621,529.java,logn,./embeddings-codebert/529.java.pth,./embeddings-bert/529.java.pth,train
622,1140.java,1,./embeddings-codebert/1140.java.pth,./embeddings-bert/1140.java.pth,train
623,1105.java,1,./embeddings-codebert/1105.java.pth,./embeddings-bert/1105.java.pth,train
624,933.java,n_square,./embeddings-codebert/933.java.pth,./embeddings-bert/933.java.pth,train
625,352.java,n,./embeddings-codebert/352.java.pth,./embeddings-bert/352.java.pth,train
626,625.java,n_square,./embeddings-codebert/625.java.pth,./embeddings-bert/625.java.pth,train
627,563.java,n,./embeddings-codebert/563.java.pth,./embeddings-bert/563.java.pth,train
628,957.java,nlogn,./embeddings-codebert/957.java.pth,./embeddings-bert/957.java.pth,train
629,712.java,n,./embeddings-codebert/712.java.pth,./embeddings-bert/712.java.pth,train
630,608.java,n_square,./embeddings-codebert/608.java.pth,./embeddings-bert/608.java.pth,train
631,836.java,n,./embeddings-codebert/836.java.pth,./embeddings-bert/836.java.pth,train
632,386.java,n,./embeddings-codebert/386.java.pth,./embeddings-bert/386.java.pth,train
633,532.java,n,./embeddings-codebert/532.java.pth,./embeddings-bert/532.java.pth,train
634,656.java,n_square,./embeddings-codebert/656.java.pth,./embeddings-bert/656.java.pth,train
635,58.java,nlogn,./embeddings-codebert/58.java.pth,./embeddings-bert/58.java.pth,train
636,774.java,n,./embeddings-codebert/774.java.pth,./embeddings-bert/774.java.pth,train
637,283.java,n,./embeddings-codebert/283.java.pth,./embeddings-bert/283.java.pth,train
638,690.java,n_square,./embeddings-codebert/690.java.pth,./embeddings-bert/690.java.pth,train
639,93.java,nlogn,./embeddings-codebert/93.java.pth,./embeddings-bert/93.java.pth,train
640,350.java,n,./embeddings-codebert/350.java.pth,./embeddings-bert/350.java.pth,train
641,36.java,n,./embeddings-codebert/36.java.pth,./embeddings-bert/36.java.pth,train
642,1149.java,1,./embeddings-codebert/1149.java.pth,./embeddings-bert/1149.java.pth,train
643,489.java,n_square,./embeddings-codebert/489.java.pth,./embeddings-bert/489.java.pth,train
644,319.java,n_square,./embeddings-codebert/319.java.pth,./embeddings-bert/319.java.pth,train
645,264.java,n_square,./embeddings-codebert/264.java.pth,./embeddings-bert/264.java.pth,train
646,660.java,n,./embeddings-codebert/660.java.pth,./embeddings-bert/660.java.pth,train
647,754.java,n,./embeddings-codebert/754.java.pth,./embeddings-bert/754.java.pth,train
648,761.java,n,./embeddings-codebert/761.java.pth,./embeddings-bert/761.java.pth,test
649,480.java,nlogn,./embeddings-codebert/480.java.pth,./embeddings-bert/480.java.pth,test
650,793.java,n,./embeddings-codebert/793.java.pth,./embeddings-bert/793.java.pth,test
651,587.java,n_square,./embeddings-codebert/587.java.pth,./embeddings-bert/587.java.pth,test
652,679.java,n,./embeddings-codebert/679.java.pth,./embeddings-bert/679.java.pth,test
653,682.java,nlogn,./embeddings-codebert/682.java.pth,./embeddings-bert/682.java.pth,test
654,226.java,n_square,./embeddings-codebert/226.java.pth,./embeddings-bert/226.java.pth,test
655,804.java,1,./embeddings-codebert/804.java.pth,./embeddings-bert/804.java.pth,test
656,940.java,n,./embeddings-codebert/940.java.pth,./embeddings-bert/940.java.pth,test
657,800.java,n,./embeddings-codebert/800.java.pth,./embeddings-bert/800.java.pth,test
658,333.java,n,./embeddings-codebert/333.java.pth,./embeddings-bert/333.java.pth,test
659,304.java,n_square,./embeddings-codebert/304.java.pth,./embeddings-bert/304.java.pth,test
660,1205.java,1,./embeddings-codebert/1205.java.pth,./embeddings-bert/1205.java.pth,test
661,1190.java,1,./embeddings-codebert/1190.java.pth,./embeddings-bert/1190.java.pth,test
662,868.java,1,./embeddings-codebert/868.java.pth,./embeddings-bert/868.java.pth,test
663,823.java,n_square,./embeddings-codebert/823.java.pth,./embeddings-bert/823.java.pth,test
664,428.java,n,./embeddings-codebert/428.java.pth,./embeddings-bert/428.java.pth,test
665,632.java,n,./embeddings-codebert/632.java.pth,./embeddings-bert/632.java.pth,test
666,665.java,n,./embeddings-codebert/665.java.pth,./embeddings-bert/665.java.pth,test
667,861.java,n,./embeddings-codebert/861.java.pth,./embeddings-bert/861.java.pth,test
668,860.java,n,./embeddings-codebert/860.java.pth,./embeddings-bert/860.java.pth,test
669,272.java,n,./embeddings-codebert/272.java.pth,./embeddings-bert/272.java.pth,test
670,1000.java,n,./embeddings-codebert/1000.java.pth,./embeddings-bert/1000.java.pth,test
671,403.java,n_square,./embeddings-codebert/403.java.pth,./embeddings-bert/403.java.pth,test
672,993.java,n_square,./embeddings-codebert/993.java.pth,./embeddings-bert/993.java.pth,test
673,845.java,nlogn,./embeddings-codebert/845.java.pth,./embeddings-bert/845.java.pth,test
674,657.java,n,./embeddings-codebert/657.java.pth,./embeddings-bert/657.java.pth,test
675,589.java,n,./embeddings-codebert/589.java.pth,./embeddings-bert/589.java.pth,test
676,675.java,n,./embeddings-codebert/675.java.pth,./embeddings-bert/675.java.pth,test
677,777.java,n,./embeddings-codebert/777.java.pth,./embeddings-bert/777.java.pth,test
678,942.java,n,./embeddings-codebert/942.java.pth,./embeddings-bert/942.java.pth,test
679,1215.java,1,./embeddings-codebert/1215.java.pth,./embeddings-bert/1215.java.pth,test
680,420.java,n,./embeddings-codebert/420.java.pth,./embeddings-bert/420.java.pth,test
681,504.java,nlogn,./embeddings-codebert/504.java.pth,./embeddings-bert/504.java.pth,test
682,643.java,1,./embeddings-codebert/643.java.pth,./embeddings-bert/643.java.pth,test
683,317.java,n_square,./embeddings-codebert/317.java.pth,./embeddings-bert/317.java.pth,test
684,560.java,n_square,./embeddings-codebert/560.java.pth,./embeddings-bert/560.java.pth,test
685,506.java,n,./embeddings-codebert/506.java.pth,./embeddings-bert/506.java.pth,test
686,234.java,nlogn,./embeddings-codebert/234.java.pth,./embeddings-bert/234.java.pth,test
687,786.java,n,./embeddings-codebert/786.java.pth,./embeddings-bert/786.java.pth,test
688,960.java,nlogn,./embeddings-codebert/960.java.pth,./embeddings-bert/960.java.pth,test
689,852.java,n_square,./embeddings-codebert/852.java.pth,./embeddings-bert/852.java.pth,test
690,373.java,n_square,./embeddings-codebert/373.java.pth,./embeddings-bert/373.java.pth,test
691,1100.java,1,./embeddings-codebert/1100.java.pth,./embeddings-bert/1100.java.pth,test
692,824.java,n,./embeddings-codebert/824.java.pth,./embeddings-bert/824.java.pth,test
693,1130.java,1,./embeddings-codebert/1130.java.pth,./embeddings-bert/1130.java.pth,test
694,542.java,n,./embeddings-codebert/542.java.pth,./embeddings-bert/542.java.pth,test
695,273.java,n,./embeddings-codebert/273.java.pth,./embeddings-bert/273.java.pth,test
696,147.java,n_square,./embeddings-codebert/147.java.pth,./embeddings-bert/147.java.pth,test
697,122.java,n_square,./embeddings-codebert/122.java.pth,./embeddings-bert/122.java.pth,test
698,416.java,n_square,./embeddings-codebert/416.java.pth,./embeddings-bert/416.java.pth,test
699,913.java,n,./embeddings-codebert/913.java.pth,./embeddings-bert/913.java.pth,test
700,30.java,n_square,./embeddings-codebert/30.java.pth,./embeddings-bert/30.java.pth,test
701,1501.java,logn,./embeddings-codebert/1501.java.pth,./embeddings-bert/1501.java.pth,test
702,325.java,n_square,./embeddings-codebert/325.java.pth,./embeddings-bert/325.java.pth,test
703,435.java,n,./embeddings-codebert/435.java.pth,./embeddings-bert/435.java.pth,test
704,857.java,n,./embeddings-codebert/857.java.pth,./embeddings-bert/857.java.pth,test
705,10.java,nlogn,./embeddings-codebert/10.java.pth,./embeddings-bert/10.java.pth,test
706,377.java,n,./embeddings-codebert/377.java.pth,./embeddings-bert/377.java.pth,test
707,384.java,n_square,./embeddings-codebert/384.java.pth,./embeddings-bert/384.java.pth,test
708,756.java,n,./embeddings-codebert/756.java.pth,./embeddings-bert/756.java.pth,test
709,1127.java,1,./embeddings-codebert/1127.java.pth,./embeddings-bert/1127.java.pth,test
710,423.java,n_square,./embeddings-codebert/423.java.pth,./embeddings-bert/423.java.pth,test
711,623.java,n_square,./embeddings-codebert/623.java.pth,./embeddings-bert/623.java.pth,test
712,1133.java,1,./embeddings-codebert/1133.java.pth,./embeddings-bert/1133.java.pth,test
713,477.java,nlogn,./embeddings-codebert/477.java.pth,./embeddings-bert/477.java.pth,test
714,355.java,n,./embeddings-codebert/355.java.pth,./embeddings-bert/355.java.pth,test
715,485.java,nlogn,./embeddings-codebert/485.java.pth,./embeddings-bert/485.java.pth,test
716,745.java,1,./embeddings-codebert/745.java.pth,./embeddings-bert/745.java.pth,test
717,411.java,n,./embeddings-codebert/411.java.pth,./embeddings-bert/411.java.pth,test
718,607.java,nlogn,./embeddings-codebert/607.java.pth,./embeddings-bert/607.java.pth,test
719,1103.java,1,./embeddings-codebert/1103.java.pth,./embeddings-bert/1103.java.pth,test
720,519.java,logn,./embeddings-codebert/519.java.pth,./embeddings-bert/519.java.pth,test
721,521.java,logn,./embeddings-codebert/521.java.pth,./embeddings-bert/521.java.pth,test
722,923.java,1,./embeddings-codebert/923.java.pth,./embeddings-bert/923.java.pth,test
723,33.java,n,./embeddings-codebert/33.java.pth,./embeddings-bert/33.java.pth,test
724,996.java,1,./embeddings-codebert/996.java.pth,./embeddings-bert/996.java.pth,test
725,693.java,n,./embeddings-codebert/693.java.pth,./embeddings-bert/693.java.pth,test
726,966.java,nlogn,./embeddings-codebert/966.java.pth,./embeddings-bert/966.java.pth,test
727,9.java,n,./embeddings-codebert/9.java.pth,./embeddings-bert/9.java.pth,test
728,1104.java,1,./embeddings-codebert/1104.java.pth,./embeddings-bert/1104.java.pth,test
729,443.java,n,./embeddings-codebert/443.java.pth,./embeddings-bert/443.java.pth,test
730,551.java,n,./embeddings-codebert/551.java.pth,./embeddings-bert/551.java.pth,test
731,687.java,n,./embeddings-codebert/687.java.pth,./embeddings-bert/687.java.pth,test
732,389.java,n,./embeddings-codebert/389.java.pth,./embeddings-bert/389.java.pth,test
733,755.java,nlogn,./embeddings-codebert/755.java.pth,./embeddings-bert/755.java.pth,test
734,406.java,n,./embeddings-codebert/406.java.pth,./embeddings-bert/406.java.pth,test
735,288.java,n_square,./embeddings-codebert/288.java.pth,./embeddings-bert/288.java.pth,test
736,1031.java,nlogn,./embeddings-codebert/1031.java.pth,./embeddings-bert/1031.java.pth,test
737,671.java,n,./embeddings-codebert/671.java.pth,./embeddings-bert/671.java.pth,test
738,1018.java,n_square,./embeddings-codebert/1018.java.pth,./embeddings-bert/1018.java.pth,test
739,606.java,nlogn,./embeddings-codebert/606.java.pth,./embeddings-bert/606.java.pth,test
740,1012.java,n,./embeddings-codebert/1012.java.pth,./embeddings-bert/1012.java.pth,test
741,413.java,n,./embeddings-codebert/413.java.pth,./embeddings-bert/413.java.pth,test
742,576.java,n_square,./embeddings-codebert/576.java.pth,./embeddings-bert/576.java.pth,test
743,55.java,n,./embeddings-codebert/55.java.pth,./embeddings-bert/55.java.pth,test
744,1116.java,1,./embeddings-codebert/1116.java.pth,./embeddings-bert/1116.java.pth,test
745,6.java,n,./embeddings-codebert/6.java.pth,./embeddings-bert/6.java.pth,test
746,501.java,nlogn,./embeddings-codebert/501.java.pth,./embeddings-bert/501.java.pth,test
747,15.java,nlogn,./embeddings-codebert/15.java.pth,./embeddings-bert/15.java.pth,test
748,372.java,n_square,./embeddings-codebert/372.java.pth,./embeddings-bert/372.java.pth,test
749,285.java,n_square,./embeddings-codebert/285.java.pth,./embeddings-bert/285.java.pth,test
750,470.java,n,./embeddings-codebert/470.java.pth,./embeddings-bert/470.java.pth,test
751,930.java,nlogn,./embeddings-codebert/930.java.pth,./embeddings-bert/930.java.pth,test
752,1025.java,n,./embeddings-codebert/1025.java.pth,./embeddings-bert/1025.java.pth,test
753,672.java,n,./embeddings-codebert/672.java.pth,./embeddings-bert/672.java.pth,test
754,31.java,n_square,./embeddings-codebert/31.java.pth,./embeddings-bert/31.java.pth,test
755,894.java,n_square,./embeddings-codebert/894.java.pth,./embeddings-bert/894.java.pth,test
756,922.java,n_square,./embeddings-codebert/922.java.pth,./embeddings-bert/922.java.pth,test
757,843.java,n_square,./embeddings-codebert/843.java.pth,./embeddings-bert/843.java.pth,test
758,918.java,n,./embeddings-codebert/918.java.pth,./embeddings-bert/918.java.pth,test
759,70.java,nlogn,./embeddings-codebert/70.java.pth,./embeddings-bert/70.java.pth,test
760,615.java,1,./embeddings-codebert/615.java.pth,./embeddings-bert/615.java.pth,test
761,901.java,nlogn,./embeddings-codebert/901.java.pth,./embeddings-bert/901.java.pth,test
762,535.java,n,./embeddings-codebert/535.java.pth,./embeddings-bert/535.java.pth,test
763,763.java,n,./embeddings-codebert/763.java.pth,./embeddings-bert/763.java.pth,test
764,475.java,nlogn,./embeddings-codebert/475.java.pth,./embeddings-bert/475.java.pth,test
765,746.java,n,./embeddings-codebert/746.java.pth,./embeddings-bert/746.java.pth,test
766,527.java,logn,./embeddings-codebert/527.java.pth,./embeddings-bert/527.java.pth,test
767,721.java,n,./embeddings-codebert/721.java.pth,./embeddings-bert/721.java.pth,test
768,498.java,nlogn,./embeddings-codebert/498.java.pth,./embeddings-bert/498.java.pth,test
769,326.java,nlogn,./embeddings-codebert/326.java.pth,./embeddings-bert/326.java.pth,test
770,706.java,n_square,./embeddings-codebert/706.java.pth,./embeddings-bert/706.java.pth,test
771,1156.java,1,./embeddings-codebert/1156.java.pth,./embeddings-bert/1156.java.pth,test
772,819.java,nlogn,./embeddings-codebert/819.java.pth,./embeddings-bert/819.java.pth,test
773,980.java,nlogn,./embeddings-codebert/980.java.pth,./embeddings-bert/980.java.pth,test
774,469.java,n,./embeddings-codebert/469.java.pth,./embeddings-bert/469.java.pth,test
775,791.java,1,./embeddings-codebert/791.java.pth,./embeddings-bert/791.java.pth,test
776,699.java,n,./embeddings-codebert/699.java.pth,./embeddings-bert/699.java.pth,test
777,8.java,n,./embeddings-codebert/8.java.pth,./embeddings-bert/8.java.pth,test
778,947.java,n,./embeddings-codebert/947.java.pth,./embeddings-bert/947.java.pth,test
779,1010.java,n,./embeddings-codebert/1010.java.pth,./embeddings-bert/1010.java.pth,test
780,1160.java,logn,./embeddings-codebert/1160.java.pth,./embeddings-bert/1160.java.pth,test
781,1148.java,1,./embeddings-codebert/1148.java.pth,./embeddings-bert/1148.java.pth,test
782,418.java,n,./embeddings-codebert/418.java.pth,./embeddings-bert/418.java.pth,test
783,383.java,n,./embeddings-codebert/383.java.pth,./embeddings-bert/383.java.pth,test
784,433.java,n,./embeddings-codebert/433.java.pth,./embeddings-bert/433.java.pth,test
785,652.java,nlogn,./embeddings-codebert/652.java.pth,./embeddings-bert/652.java.pth,test
786,1184.java,1,./embeddings-codebert/1184.java.pth,./embeddings-bert/1184.java.pth,test
787,510.java,nlogn,./embeddings-codebert/510.java.pth,./embeddings-bert/510.java.pth,test
788,1030.java,nlogn,./embeddings-codebert/1030.java.pth,./embeddings-bert/1030.java.pth,test
789,533.java,n,./embeddings-codebert/533.java.pth,./embeddings-bert/533.java.pth,test
790,540.java,logn,./embeddings-codebert/540.java.pth,./embeddings-bert/540.java.pth,test
791,294.java,n_square,./embeddings-codebert/294.java.pth,./embeddings-bert/294.java.pth,test
792,569.java,n,./embeddings-codebert/569.java.pth,./embeddings-bert/569.java.pth,test
793,833.java,nlogn,./embeddings-codebert/833.java.pth,./embeddings-bert/833.java.pth,test
794,784.java,nlogn,./embeddings-codebert/784.java.pth,./embeddings-bert/784.java.pth,test
795,1180.java,1,./embeddings-codebert/1180.java.pth,./embeddings-bert/1180.java.pth,test
796,701.java,n_square,./embeddings-codebert/701.java.pth,./embeddings-bert/701.java.pth,test
797,344.java,n_square,./embeddings-codebert/344.java.pth,./embeddings-bert/344.java.pth,test
798,1126.java,1,./embeddings-codebert/1126.java.pth,./embeddings-bert/1126.java.pth,test
799,63.java,1,./embeddings-codebert/63.java.pth,./embeddings-bert/63.java.pth,test
800,602.java,1,./embeddings-codebert/602.java.pth,./embeddings-bert/602.java.pth,test
801,466.java,nlogn,./embeddings-codebert/466.java.pth,./embeddings-bert/466.java.pth,test
802,677.java,nlogn,./embeddings-codebert/677.java.pth,./embeddings-bert/677.java.pth,test
803,929.java,n,./embeddings-codebert/929.java.pth,./embeddings-bert/929.java.pth,test
804,415.java,n,./embeddings-codebert/415.java.pth,./embeddings-bert/415.java.pth,test
805,431.java,n,./embeddings-codebert/431.java.pth,./embeddings-bert/431.java.pth,test
806,872.java,nlogn,./embeddings-codebert/872.java.pth,./embeddings-bert/872.java.pth,test
807,114.java,n,./embeddings-codebert/114.java.pth,./embeddings-bert/114.java.pth,test
808,565.java,n_square,./embeddings-codebert/565.java.pth,./embeddings-bert/565.java.pth,test
809,895.java,nlogn,./embeddings-codebert/895.java.pth,./embeddings-bert/895.java.pth,test
810,908.java,n_square,./embeddings-codebert/908.java.pth,./embeddings-bert/908.java.pth,test
811,64.java,n,./embeddings-codebert/64.java.pth,./embeddings-bert/64.java.pth,test
812,378.java,n,./embeddings-codebert/378.java.pth,./embeddings-bert/378.java.pth,test
813,568.java,n,./embeddings-codebert/568.java.pth,./embeddings-bert/568.java.pth,test
814,935.java,n,./embeddings-codebert/935.java.pth,./embeddings-bert/935.java.pth,test
815,782.java,1,./embeddings-codebert/782.java.pth,./embeddings-bert/782.java.pth,test
816,275.java,n,./embeddings-codebert/275.java.pth,./embeddings-bert/275.java.pth,test
817,425.java,n,./embeddings-codebert/425.java.pth,./embeddings-bert/425.java.pth,test
818,792.java,nlogn,./embeddings-codebert/792.java.pth,./embeddings-bert/792.java.pth,test
819,327.java,nlogn,./embeddings-codebert/327.java.pth,./embeddings-bert/327.java.pth,test
820,667.java,n,./embeddings-codebert/667.java.pth,./embeddings-bert/667.java.pth,test
821,1139.java,1,./embeddings-codebert/1139.java.pth,./embeddings-bert/1139.java.pth,test
822,663.java,nlogn,./embeddings-codebert/663.java.pth,./embeddings-bert/663.java.pth,test
823,976.java,n,./embeddings-codebert/976.java.pth,./embeddings-bert/976.java.pth,test
824,128.java,n_square,./embeddings-codebert/128.java.pth,./embeddings-bert/128.java.pth,test
825,822.java,n_square,./embeddings-codebert/822.java.pth,./embeddings-bert/822.java.pth,test
826,186.java,n_square,./embeddings-codebert/186.java.pth,./embeddings-bert/186.java.pth,test
827,81.java,n,./embeddings-codebert/81.java.pth,./embeddings-bert/81.java.pth,test
828,728.java,n,./embeddings-codebert/728.java.pth,./embeddings-bert/728.java.pth,test
829,889.java,1,./embeddings-codebert/889.java.pth,./embeddings-bert/889.java.pth,test
830,334.java,n,./embeddings-codebert/334.java.pth,./embeddings-bert/334.java.pth,test
831,307.java,n_square,./embeddings-codebert/307.java.pth,./embeddings-bert/307.java.pth,test
832,736.java,n,./embeddings-codebert/736.java.pth,./embeddings-bert/736.java.pth,test
833,502.java,nlogn,./embeddings-codebert/502.java.pth,./embeddings-bert/502.java.pth,test
834,856.java,n,./embeddings-codebert/856.java.pth,./embeddings-bert/856.java.pth,test
835,806.java,n,./embeddings-codebert/806.java.pth,./embeddings-bert/806.java.pth,test
836,399.java,n,./embeddings-codebert/399.java.pth,./embeddings-bert/399.java.pth,test
837,458.java,nlogn,./embeddings-codebert/458.java.pth,./embeddings-bert/458.java.pth,test
838,44.java,n,./embeddings-codebert/44.java.pth,./embeddings-bert/44.java.pth,test
839,550.java,n_square,./embeddings-codebert/550.java.pth,./embeddings-bert/550.java.pth,test
840,332.java,n_square,./embeddings-codebert/332.java.pth,./embeddings-bert/332.java.pth,test
841,483.java,nlogn,./embeddings-codebert/483.java.pth,./embeddings-bert/483.java.pth,test
842,515.java,n,./embeddings-codebert/515.java.pth,./embeddings-bert/515.java.pth,test
843,939.java,n,./embeddings-codebert/939.java.pth,./embeddings-bert/939.java.pth,test
844,603.java,n,./embeddings-codebert/603.java.pth,./embeddings-bert/603.java.pth,test
845,1167.java,logn,./embeddings-codebert/1167.java.pth,./embeddings-bert/1167.java.pth,test
846,707.java,nlogn,./embeddings-codebert/707.java.pth,./embeddings-bert/707.java.pth,test
847,945.java,nlogn,./embeddings-codebert/945.java.pth,./embeddings-bert/945.java.pth,test
848,419.java,n,./embeddings-codebert/419.java.pth,./embeddings-bert/419.java.pth,test
849,400.java,n,./embeddings-codebert/400.java.pth,./embeddings-bert/400.java.pth,test
850,1146.java,1,./embeddings-codebert/1146.java.pth,./embeddings-bert/1146.java.pth,test
851,972.java,n,./embeddings-codebert/972.java.pth,./embeddings-bert/972.java.pth,test
852,591.java,n,./embeddings-codebert/591.java.pth,./embeddings-bert/591.java.pth,test
853,572.java,nlogn,./embeddings-codebert/572.java.pth,./embeddings-bert/572.java.pth,test
854,280.java,n,./embeddings-codebert/280.java.pth,./embeddings-bert/280.java.pth,test
855,137.java,n,./embeddings-codebert/137.java.pth,./embeddings-bert/137.java.pth,test
856,445.java,n,./embeddings-codebert/445.java.pth,./embeddings-bert/445.java.pth,test
857,737.java,nlogn,./embeddings-codebert/737.java.pth,./embeddings-bert/737.java.pth,test
858,321.java,n,./embeddings-codebert/321.java.pth,./embeddings-bert/321.java.pth,test
859,171.java,n_square,./embeddings-codebert/171.java.pth,./embeddings-bert/171.java.pth,test
860,26.java,n_square,./embeddings-codebert/26.java.pth,./embeddings-bert/26.java.pth,test
861,301.java,n,./embeddings-codebert/301.java.pth,./embeddings-bert/301.java.pth,test
862,323.java,n_square,./embeddings-codebert/323.java.pth,./embeddings-bert/323.java.pth,test
863,742.java,n,./embeddings-codebert/742.java.pth,./embeddings-bert/742.java.pth,test
864,584.java,nlogn,./embeddings-codebert/584.java.pth,./embeddings-bert/584.java.pth,test
865,335.java,n_square,./embeddings-codebert/335.java.pth,./embeddings-bert/335.java.pth,test
866,1033.java,nlogn,./embeddings-codebert/1033.java.pth,./embeddings-bert/1033.java.pth,test
867,432.java,n,./embeddings-codebert/432.java.pth,./embeddings-bert/432.java.pth,test
868,48.java,nlogn,./embeddings-codebert/48.java.pth,./embeddings-bert/48.java.pth,test
869,18.java,n_square,./embeddings-codebert/18.java.pth,./embeddings-bert/18.java.pth,test
870,54.java,n,./embeddings-codebert/54.java.pth,./embeddings-bert/54.java.pth,test
871,95.java,nlogn,./embeddings-codebert/95.java.pth,./embeddings-bert/95.java.pth,test
872,345.java,n,./embeddings-codebert/345.java.pth,./embeddings-bert/345.java.pth,test
873,1175.java,1,./embeddings-codebert/1175.java.pth,./embeddings-bert/1175.java.pth,test
874,528.java,n,./embeddings-codebert/528.java.pth,./embeddings-bert/528.java.pth,test
875,877.java,n_square,./embeddings-codebert/877.java.pth,./embeddings-bert/877.java.pth,test
876,810.java,nlogn,./embeddings-codebert/810.java.pth,./embeddings-bert/810.java.pth,test
877,144.java,n_square,./embeddings-codebert/144.java.pth,./embeddings-bert/144.java.pth,test
878,91.java,n,./embeddings-codebert/91.java.pth,./embeddings-bert/91.java.pth,test
879,1162.java,logn,./embeddings-codebert/1162.java.pth,./embeddings-bert/1162.java.pth,test
880,588.java,n,./embeddings-codebert/588.java.pth,./embeddings-bert/588.java.pth,test
881,59.java,n,./embeddings-codebert/59.java.pth,./embeddings-bert/59.java.pth,test
882,127.java,logn,./embeddings-codebert/127.java.pth,./embeddings-bert/127.java.pth,test
883,1164.java,logn,./embeddings-codebert/1164.java.pth,./embeddings-bert/1164.java.pth,test
884,414.java,n,./embeddings-codebert/414.java.pth,./embeddings-bert/414.java.pth,test
885,842.java,1,./embeddings-codebert/842.java.pth,./embeddings-bert/842.java.pth,test
886,1143.java,1,./embeddings-codebert/1143.java.pth,./embeddings-bert/1143.java.pth,test
887,586.java,nlogn,./embeddings-codebert/586.java.pth,./embeddings-bert/586.java.pth,test
888,931.java,1,./embeddings-codebert/931.java.pth,./embeddings-bert/931.java.pth,test
889,624.java,n_square,./embeddings-codebert/624.java.pth,./embeddings-bert/624.java.pth,test
890,1020.java,nlogn,./embeddings-codebert/1020.java.pth,./embeddings-bert/1020.java.pth,test
891,148.java,n_square,./embeddings-codebert/148.java.pth,./embeddings-bert/148.java.pth,test
892,801.java,n,./embeddings-codebert/801.java.pth,./embeddings-bert/801.java.pth,test
893,676.java,n,./embeddings-codebert/676.java.pth,./embeddings-bert/676.java.pth,test
894,838.java,nlogn,./embeddings-codebert/838.java.pth,./embeddings-bert/838.java.pth,test
895,630.java,n_square,./embeddings-codebert/630.java.pth,./embeddings-bert/630.java.pth,test
896,534.java,logn,./embeddings-codebert/534.java.pth,./embeddings-bert/534.java.pth,test
897,1007.java,n,./embeddings-codebert/1007.java.pth,./embeddings-bert/1007.java.pth,test
898,328.java,n_square,./embeddings-codebert/328.java.pth,./embeddings-bert/328.java.pth,test
899,696.java,n,./embeddings-codebert/696.java.pth,./embeddings-bert/696.java.pth,test
900,659.java,n,./embeddings-codebert/659.java.pth,./embeddings-bert/659.java.pth,test
901,98.java,n,./embeddings-codebert/98.java.pth,./embeddings-bert/98.java.pth,test
902,337.java,n_square,./embeddings-codebert/337.java.pth,./embeddings-bert/337.java.pth,test
903,412.java,n,./embeddings-codebert/412.java.pth,./embeddings-bert/412.java.pth,test
904,994.java,n,./embeddings-codebert/994.java.pth,./embeddings-bert/994.java.pth,test
905,320.java,n,./embeddings-codebert/320.java.pth,./embeddings-bert/320.java.pth,test
906,910.java,1,./embeddings-codebert/910.java.pth,./embeddings-bert/910.java.pth,test
907,743.java,1,./embeddings-codebert/743.java.pth,./embeddings-bert/743.java.pth,test
908,348.java,n_square,./embeddings-codebert/348.java.pth,./embeddings-bert/348.java.pth,test
909,237.java,n_square,./embeddings-codebert/237.java.pth,./embeddings-bert/237.java.pth,test
910,1195.java,1,./embeddings-codebert/1195.java.pth,./embeddings-bert/1195.java.pth,test
911,437.java,n,./embeddings-codebert/437.java.pth,./embeddings-bert/437.java.pth,test
912,1203.java,1,./embeddings-codebert/1203.java.pth,./embeddings-bert/1203.java.pth,test
913,363.java,n_square,./embeddings-codebert/363.java.pth,./embeddings-bert/363.java.pth,test
914,1161.java,logn,./embeddings-codebert/1161.java.pth,./embeddings-bert/1161.java.pth,test
915,825.java,n,./embeddings-codebert/825.java.pth,./embeddings-bert/825.java.pth,test
916,83.java,nlogn,./embeddings-codebert/83.java.pth,./embeddings-bert/83.java.pth,test
917,116.java,nlogn,./embeddings-codebert/116.java.pth,./embeddings-bert/116.java.pth,test
918,955.java,nlogn,./embeddings-codebert/955.java.pth,./embeddings-bert/955.java.pth,test
919,1169.java,logn,./embeddings-codebert/1169.java.pth,./embeddings-bert/1169.java.pth,test
920,1208.java,1,./embeddings-codebert/1208.java.pth,./embeddings-bert/1208.java.pth,test
921,72.java,n_square,./embeddings-codebert/72.java.pth,./embeddings-bert/72.java.pth,test
922,640.java,n,./embeddings-codebert/640.java.pth,./embeddings-bert/640.java.pth,test
923,928.java,n_square,./embeddings-codebert/928.java.pth,./embeddings-bert/928.java.pth,test
924,753.java,n,./embeddings-codebert/753.java.pth,./embeddings-bert/753.java.pth,test
925,43.java,n,./embeddings-codebert/43.java.pth,./embeddings-bert/43.java.pth,test
